instrument_token,last_price,symbol,timestamp
2885,1473.0,NSE:RELIANCE,2025-06-26 09:27:47.787094
2885,1473.1,NSE:RELIANCE,2025-06-26 09:27:52.837596
2885,1473.5,NSE:RELIANCE,2025-06-26 09:27:57.886852
2885,1473.7,NSE:RELIANCE,2025-06-26 09:28:02.928345
2885,1473.6,NSE:RELIANCE,2025-06-26 09:28:08.064555
2885,1473.7,NSE:RELIANCE,2025-06-26 09:28:13.120205
2885,1474.0,NSE:RELIANCE,2025-06-26 09:28:18.167070
2885,1473.4,NSE:RELIANCE,2025-06-26 09:28:23.226774
2885,1474.1,NSE:RELIANCE,2025-06-26 09:28:28.272257
2885,1474.0,NSE:RELIANCE,2025-06-26 09:28:33.315669
2885,1474.0,NSE:RELIANCE,2025-06-26 09:28:38.497103
2885,1473.9,NSE:RELIANCE,2025-06-26 09:28:44.458925
2885,1473.8,NSE:RELIANCE,2025-06-26 09:28:49.651766
2885,1474.3,NSE:RELIANCE,2025-06-26 09:28:54.725846
2885,1474.2,NSE:RELIANCE,2025-06-26 09:28:59.863997
2885,1474.2,NSE:RELIANCE,2025-06-26 09:29:04.910505
2885,1474.3,NSE:RELIANCE,2025-06-26 09:29:09.966178
2885,1474.2,NSE:RELIANCE,2025-06-26 09:29:15.011815
2885,1474.3,NSE:RELIANCE,2025-06-26 09:29:20.054258
2885,1474.2,NSE:RELIANCE,2025-06-26 09:29:25.101069
2885,1474.1,NSE:RELIANCE,2025-06-26 09:29:30.148103
2885,1474.4,NSE:RELIANCE,2025-06-26 09:29:35.205002
2885,1474.3,NSE:RELIANCE,2025-06-26 09:29:40.249886
2885,1474.4,NSE:RELIANCE,2025-06-26 09:29:45.295819
2885,1474.4,NSE:RELIANCE,2025-06-26 09:29:50.441345
2885,1474.6,NSE:RELIANCE,2025-06-26 09:29:55.506840
2885,1473.8,NSE:RELIANCE,2025-06-26 09:30:00.551286
2885,1474.0,NSE:RELIANCE,2025-06-26 09:30:05.600974
2885,1474.2,NSE:RELIANCE,2025-06-26 09:30:10.648223
2885,1474.0,NSE:RELIANCE,2025-06-26 09:30:15.721997
2885,1473.8,NSE:RELIANCE,2025-06-26 09:30:20.827229
2885,1473.9,NSE:RELIANCE,2025-06-26 09:30:25.870082
2885,1474.0,NSE:RELIANCE,2025-06-26 09:30:30.913366
2885,1474.1,NSE:RELIANCE,2025-06-26 09:30:36.216321
2885,1474.6,NSE:RELIANCE,2025-06-26 09:30:41.391218
2885,1474.4,NSE:RELIANCE,2025-06-26 09:30:46.434540
2885,1474.4,NSE:RELIANCE,2025-06-26 09:30:51.535652
2885,1474.3,NSE:RELIANCE,2025-06-26 09:30:56.615116
2885,1474.5,NSE:RELIANCE,2025-06-26 09:31:01.660237
2885,1474.9,NSE:RELIANCE,2025-06-26 09:31:06.705605
2885,1475.0,NSE:RELIANCE,2025-06-26 09:31:11.752059
2885,1474.9,NSE:RELIANCE,2025-06-26 09:31:16.800976
2885,1475.0,NSE:RELIANCE,2025-06-26 09:31:21.854636
2885,1475.1,NSE:RELIANCE,2025-06-26 09:31:27.131200
2885,1475.0,NSE:RELIANCE,2025-06-26 09:31:32.178334
2885,1474.9,NSE:RELIANCE,2025-06-26 09:31:37.225372
2885,1475.4,NSE:RELIANCE,2025-06-26 09:31:42.269056
2885,1475.0,NSE:RELIANCE,2025-06-26 09:31:49.941504
2885,1475.0,NSE:RELIANCE,2025-06-26 09:31:55.099048
2885,1475.0,NSE:RELIANCE,2025-06-26 09:32:00.200449
2885,1474.6,NSE:RELIANCE,2025-06-26 09:32:05.244104
2885,1474.8,NSE:RELIANCE,2025-06-26 09:32:10.309008
2885,1474.6,NSE:RELIANCE,2025-06-26 09:32:15.480887
2885,1474.3,NSE:RELIANCE,2025-06-26 09:32:20.534975
2885,1474.3,NSE:RELIANCE,2025-06-26 09:32:25.578806
2885,1474.4,NSE:RELIANCE,2025-06-26 09:32:30.634086
2885,1474.2,NSE:RELIANCE,2025-06-26 09:32:35.918532
2885,1473.7,NSE:RELIANCE,2025-06-26 09:32:41.032687
2885,1474.0,NSE:RELIANCE,2025-06-26 09:32:46.182480
2885,1473.5,NSE:RELIANCE,2025-06-26 09:32:51.228161
2885,1474.0,NSE:RELIANCE,2025-06-26 09:32:56.364946
2885,1474.0,NSE:RELIANCE,2025-06-26 09:33:01.521188
2885,1473.7,NSE:RELIANCE,2025-06-26 09:33:06.653057
2885,1474.1,NSE:RELIANCE,2025-06-26 09:33:11.715542
2885,1474.2,NSE:RELIANCE,2025-06-26 09:33:16.766284
2885,1474.2,NSE:RELIANCE,2025-06-26 09:33:21.822707
2885,1474.0,NSE:RELIANCE,2025-06-26 09:33:26.877072
2885,1474.0,NSE:RELIANCE,2025-06-26 09:33:31.958175
2885,1474.3,NSE:RELIANCE,2025-06-26 09:33:37.130245
2885,1474.5,NSE:RELIANCE,2025-06-26 09:33:42.174444
2885,1474.9,NSE:RELIANCE,2025-06-26 09:33:47.230910
2885,1474.9,NSE:RELIANCE,2025-06-26 09:33:52.304676
2885,1474.8,NSE:RELIANCE,2025-06-26 09:33:57.401569
2885,1475.0,NSE:RELIANCE,2025-06-26 09:34:02.473923
2885,1475.3,NSE:RELIANCE,2025-06-26 09:34:07.545839
2885,1475.5,NSE:RELIANCE,2025-06-26 09:34:12.589935
2885,1475.6,NSE:RELIANCE,2025-06-26 09:34:17.646005
2885,1475.6,NSE:RELIANCE,2025-06-26 09:34:22.706023
2885,1475.8,NSE:RELIANCE,2025-06-26 09:34:27.766479
2885,1475.6,NSE:RELIANCE,2025-06-26 09:34:32.820666
2885,1475.6,NSE:RELIANCE,2025-06-26 09:34:37.875897
2885,1475.6,NSE:RELIANCE,2025-06-26 09:34:42.922139
2885,1475.6,NSE:RELIANCE,2025-06-26 09:34:47.966857
2885,1476.0,NSE:RELIANCE,2025-06-26 09:34:53.150107
2885,1476.0,NSE:RELIANCE,2025-06-26 09:34:58.230486
2885,1475.1,NSE:RELIANCE,2025-06-26 09:35:03.296655
2885,1475.0,NSE:RELIANCE,2025-06-26 09:35:08.360627
2885,1474.6,NSE:RELIANCE,2025-06-26 09:35:13.409971
2885,1474.8,NSE:RELIANCE,2025-06-26 09:35:18.493309
2885,1474.3,NSE:RELIANCE,2025-06-26 09:35:23.549943
2885,1474.8,NSE:RELIANCE,2025-06-26 09:35:28.598442
2885,1474.9,NSE:RELIANCE,2025-06-26 09:35:33.647133
2885,1475.0,NSE:RELIANCE,2025-06-26 09:35:38.760458
2885,1474.1,NSE:RELIANCE,2025-06-26 09:35:43.804681
2885,1474.7,NSE:RELIANCE,2025-06-26 09:35:48.849721
2885,1474.4,NSE:RELIANCE,2025-06-26 09:35:53.896583
2885,1475.0,NSE:RELIANCE,2025-06-26 09:35:58.999520
2885,1474.5,NSE:RELIANCE,2025-06-26 09:36:04.075151
2885,1475.0,NSE:RELIANCE,2025-06-26 09:36:09.131200
2885,1474.9,NSE:RELIANCE,2025-06-26 09:36:14.175417
2885,1474.9,NSE:RELIANCE,2025-06-26 09:36:19.222131
2885,1474.9,NSE:RELIANCE,2025-06-26 09:36:24.332268
2885,1474.8,NSE:RELIANCE,2025-06-26 09:36:29.378626
2885,1474.8,NSE:RELIANCE,2025-06-26 09:36:34.528150
2885,1474.4,NSE:RELIANCE,2025-06-26 09:36:39.628378
2885,1474.6,NSE:RELIANCE,2025-06-26 09:36:44.704413
2885,1474.8,NSE:RELIANCE,2025-06-26 09:36:49.771170
2885,1475.1,NSE:RELIANCE,2025-06-26 09:36:54.855180
2885,1474.9,NSE:RELIANCE,2025-06-26 09:36:59.954022
2885,1475.1,NSE:RELIANCE,2025-06-26 09:37:05.015778
2885,1474.6,NSE:RELIANCE,2025-06-26 09:37:10.062518
2885,1474.9,NSE:RELIANCE,2025-06-26 09:37:15.108399
2885,1474.6,NSE:RELIANCE,2025-06-26 09:37:20.168221
2885,1474.6,NSE:RELIANCE,2025-06-26 09:37:25.215807
2885,1474.9,NSE:RELIANCE,2025-06-26 09:37:30.262261
2885,1474.9,NSE:RELIANCE,2025-06-26 09:37:35.374224
2885,1474.9,NSE:RELIANCE,2025-06-26 09:37:40.528290
2885,1474.6,NSE:RELIANCE,2025-06-26 09:37:45.574587
2885,1474.9,NSE:RELIANCE,2025-06-26 09:37:50.616984
2885,1474.7,NSE:RELIANCE,2025-06-26 09:37:55.663954
2885,1474.8,NSE:RELIANCE,2025-06-26 09:38:00.750255
2885,1475.4,NSE:RELIANCE,2025-06-26 09:38:05.817913
2885,1475.8,NSE:RELIANCE,2025-06-26 09:38:10.864255
2885,1475.8,NSE:RELIANCE,2025-06-26 09:38:15.910349
2885,1476.2,NSE:RELIANCE,2025-06-26 09:38:21.020583
2885,1476.2,NSE:RELIANCE,2025-06-26 09:38:26.067689
2885,1476.3,NSE:RELIANCE,2025-06-26 09:38:31.114237
2885,1476.7,NSE:RELIANCE,2025-06-26 09:38:36.228870
2885,1476.7,NSE:RELIANCE,2025-06-26 09:38:41.315728
2885,1476.9,NSE:RELIANCE,2025-06-26 09:38:46.360801
2885,1476.9,NSE:RELIANCE,2025-06-26 09:38:51.404298
2885,1476.9,NSE:RELIANCE,2025-06-26 09:38:56.512912
2885,1476.8,NSE:RELIANCE,2025-06-26 09:39:01.606416
2885,1476.5,NSE:RELIANCE,2025-06-26 09:39:06.673717
2885,1476.6,NSE:RELIANCE,2025-06-26 09:39:11.743132
2885,1476.6,NSE:RELIANCE,2025-06-26 09:39:16.788350
2885,1476.6,NSE:RELIANCE,2025-06-26 09:39:21.838257
2885,1475.8,NSE:RELIANCE,2025-06-26 09:39:26.942364
2885,1476.0,NSE:RELIANCE,2025-06-26 09:39:31.988914
2885,1475.8,NSE:RELIANCE,2025-06-26 09:39:37.032226
2885,1475.8,NSE:RELIANCE,2025-06-26 09:39:42.102180
2885,1475.9,NSE:RELIANCE,2025-06-26 09:39:48.041941
2885,1475.8,NSE:RELIANCE,2025-06-26 09:39:53.119311
2885,1476.2,NSE:RELIANCE,2025-06-26 09:39:58.200698
2885,1476.2,NSE:RELIANCE,2025-06-26 09:40:03.308672
2885,1476.0,NSE:RELIANCE,2025-06-26 09:40:08.634460
2885,1476.0,NSE:RELIANCE,2025-06-26 09:40:13.678543
2885,1476.3,NSE:RELIANCE,2025-06-26 09:40:18.725638
2885,1476.0,NSE:RELIANCE,2025-06-26 09:40:23.843347
2885,1476.2,NSE:RELIANCE,2025-06-26 09:40:28.894266
2885,1476.0,NSE:RELIANCE,2025-06-26 09:40:34.177689
2885,1475.9,NSE:RELIANCE,2025-06-26 09:40:39.221486
2885,1475.7,NSE:RELIANCE,2025-06-26 09:40:44.322490
2885,1475.8,NSE:RELIANCE,2025-06-26 09:40:49.403439
2885,1475.8,NSE:RELIANCE,2025-06-26 09:40:54.447972
2885,1475.7,NSE:RELIANCE,2025-06-26 09:40:59.508306
2885,1475.4,NSE:RELIANCE,2025-06-26 09:41:04.772711
2885,1475.3,NSE:RELIANCE,2025-06-26 09:41:09.845221
2885,1474.9,NSE:RELIANCE,2025-06-26 09:41:14.890525
2885,1474.9,NSE:RELIANCE,2025-06-26 09:41:19.934744
2885,1474.6,NSE:RELIANCE,2025-06-26 09:41:24.980227
2885,1475.0,NSE:RELIANCE,2025-06-26 09:41:30.025725
2885,1474.6,NSE:RELIANCE,2025-06-26 09:41:35.115882
2885,1475.0,NSE:RELIANCE,2025-06-26 09:41:40.160325
2885,1475.3,NSE:RELIANCE,2025-06-26 09:41:45.209743
2885,1475.7,NSE:RELIANCE,2025-06-26 09:41:50.254372
2885,1475.2,NSE:RELIANCE,2025-06-26 09:41:55.301271
2885,1475.3,NSE:RELIANCE,2025-06-26 09:42:00.371036
2885,1475.0,NSE:RELIANCE,2025-06-26 09:42:05.576074
2885,1474.9,NSE:RELIANCE,2025-06-26 09:42:10.648280
2885,1475.0,NSE:RELIANCE,2025-06-26 09:42:15.696675
2885,1475.0,NSE:RELIANCE,2025-06-26 09:42:20.743130
2885,1474.9,NSE:RELIANCE,2025-06-26 09:42:25.789651
2885,1474.8,NSE:RELIANCE,2025-06-26 09:42:30.852451
2885,1474.6,NSE:RELIANCE,2025-06-26 09:42:35.904247
2885,1474.5,NSE:RELIANCE,2025-06-26 09:42:40.962868
2885,1474.6,NSE:RELIANCE,2025-06-26 09:42:46.020438
2885,1474.6,NSE:RELIANCE,2025-06-26 09:42:51.129798
2885,1474.6,NSE:RELIANCE,2025-06-26 09:42:56.176459
2885,1474.3,NSE:RELIANCE,2025-06-26 09:43:06.379090
2885,1474.6,NSE:RELIANCE,2025-06-26 09:43:11.444375
2885,1474.4,NSE:RELIANCE,2025-06-26 09:43:16.488452
2885,1474.1,NSE:RELIANCE,2025-06-26 09:43:21.533101
2885,1474.3,NSE:RELIANCE,2025-06-26 09:43:26.585885
2885,1474.6,NSE:RELIANCE,2025-06-26 09:43:31.683808
2885,1475.5,NSE:RELIANCE,2025-06-26 09:43:36.729539
2885,1475.4,NSE:RELIANCE,2025-06-26 09:43:41.981559
2885,1474.8,NSE:RELIANCE,2025-06-26 09:43:47.027758
2885,1474.6,NSE:RELIANCE,2025-06-26 09:43:52.073663
2885,1475.0,NSE:RELIANCE,2025-06-26 09:43:57.119875
2885,1474.6,NSE:RELIANCE,2025-06-26 09:44:02.166220
2885,1474.6,NSE:RELIANCE,2025-06-26 09:44:07.269710
2885,1475.0,NSE:RELIANCE,2025-06-26 09:44:12.332775
2885,1474.7,NSE:RELIANCE,2025-06-26 09:44:17.382397
2885,1475.3,NSE:RELIANCE,2025-06-26 09:44:22.432069
2885,1474.8,NSE:RELIANCE,2025-06-26 09:44:27.476413
2885,1474.6,NSE:RELIANCE,2025-06-26 09:44:32.566810
2885,1474.8,NSE:RELIANCE,2025-06-26 09:44:37.624786
2885,1474.8,NSE:RELIANCE,2025-06-26 09:44:42.668388
2885,1474.9,NSE:RELIANCE,2025-06-26 09:44:47.711521
2885,1474.9,NSE:RELIANCE,2025-06-26 09:44:52.854483
2885,1475.0,NSE:RELIANCE,2025-06-26 09:44:57.900359
2885,1474.8,NSE:RELIANCE,2025-06-26 09:45:02.959819
2885,1474.9,NSE:RELIANCE,2025-06-26 09:45:08.088970
2885,1475.4,NSE:RELIANCE,2025-06-26 09:45:13.156084
2885,1475.8,NSE:RELIANCE,2025-06-26 09:45:18.201282
2885,1476.0,NSE:RELIANCE,2025-06-26 09:45:23.244647
2885,1476.0,NSE:RELIANCE,2025-06-26 09:45:28.289747
2885,1476.0,NSE:RELIANCE,2025-06-26 09:45:33.352085
2885,1475.9,NSE:RELIANCE,2025-06-26 09:45:38.421443
2885,1475.7,NSE:RELIANCE,2025-06-26 09:45:43.466439
2885,1475.9,NSE:RELIANCE,2025-06-26 09:45:48.510367
2885,1475.6,NSE:RELIANCE,2025-06-26 09:45:53.619731
2885,1476.0,NSE:RELIANCE,2025-06-26 09:45:58.664768
2885,1476.1,NSE:RELIANCE,2025-06-26 09:46:03.711442
2885,1476.0,NSE:RELIANCE,2025-06-26 09:46:08.815473
2885,1476.0,NSE:RELIANCE,2025-06-26 09:46:13.883607
2885,1476.0,NSE:RELIANCE,2025-06-26 09:46:18.931370
2885,1476.2,NSE:RELIANCE,2025-06-26 09:46:23.974775
2885,1476.2,NSE:RELIANCE,2025-06-26 09:46:29.018506
2885,1476.2,NSE:RELIANCE,2025-06-26 09:46:34.064134
2885,1476.2,NSE:RELIANCE,2025-06-26 09:46:39.112513
2885,1476.1,NSE:RELIANCE,2025-06-26 09:46:44.157747
2885,1476.1,NSE:RELIANCE,2025-06-26 09:46:49.202614
2885,1475.7,NSE:RELIANCE,2025-06-26 09:46:54.250404
2885,1475.8,NSE:RELIANCE,2025-06-26 09:46:59.323320
2885,1476.1,NSE:RELIANCE,2025-06-26 09:47:04.370030
2885,1476.1,NSE:RELIANCE,2025-06-26 09:47:09.491327
2885,1476.2,NSE:RELIANCE,2025-06-26 09:47:14.603330
2885,1476.0,NSE:RELIANCE,2025-06-26 09:47:19.651364
2885,1476.1,NSE:RELIANCE,2025-06-26 09:47:24.695768
2885,1476.0,NSE:RELIANCE,2025-06-26 09:47:29.738930
2885,1476.0,NSE:RELIANCE,2025-06-26 09:47:34.784852
2885,1476.1,NSE:RELIANCE,2025-06-26 09:47:39.932060
2885,1476.0,NSE:RELIANCE,2025-06-26 09:47:44.994068
2885,1476.0,NSE:RELIANCE,2025-06-26 09:47:50.038541
2885,1476.0,NSE:RELIANCE,2025-06-26 09:47:55.095195
2885,1476.3,NSE:RELIANCE,2025-06-26 09:48:00.140976
2885,1476.7,NSE:RELIANCE,2025-06-26 09:48:05.186621
2885,1476.8,NSE:RELIANCE,2025-06-26 09:48:10.381516
2885,1477.0,NSE:RELIANCE,2025-06-26 09:48:15.456813
2885,1477.0,NSE:RELIANCE,2025-06-26 09:48:20.501995
2885,1477.0,NSE:RELIANCE,2025-06-26 09:48:25.586071
2885,1477.0,NSE:RELIANCE,2025-06-26 09:48:30.640874
2885,1477.5,NSE:RELIANCE,2025-06-26 09:48:35.689913
2885,1477.5,NSE:RELIANCE,2025-06-26 09:48:40.792675
2885,1477.6,NSE:RELIANCE,2025-06-26 09:48:45.839435
2885,1477.2,NSE:RELIANCE,2025-06-26 09:48:50.883794
2885,1477.2,NSE:RELIANCE,2025-06-26 09:48:55.955021
2885,1477.5,NSE:RELIANCE,2025-06-26 09:49:01.019777
2885,1477.2,NSE:RELIANCE,2025-06-26 09:49:06.065328
2885,1477.4,NSE:RELIANCE,2025-06-26 09:49:11.164512
2885,1477.5,NSE:RELIANCE,2025-06-26 09:49:16.235422
2885,1477.5,NSE:RELIANCE,2025-06-26 09:49:21.284315
2885,1477.5,NSE:RELIANCE,2025-06-26 09:49:26.332090
2885,1477.4,NSE:RELIANCE,2025-06-26 09:49:31.393690
2885,1477.5,NSE:RELIANCE,2025-06-26 09:49:36.443909
2885,1477.5,NSE:RELIANCE,2025-06-26 09:49:41.487876
2885,1477.3,NSE:RELIANCE,2025-06-26 09:49:46.534415
2885,1477.5,NSE:RELIANCE,2025-06-26 09:49:51.604031
2885,1477.5,NSE:RELIANCE,2025-06-26 09:49:56.649471
2885,1477.5,NSE:RELIANCE,2025-06-26 09:50:01.699160
2885,1477.5,NSE:RELIANCE,2025-06-26 09:50:06.744742
2885,1477.5,NSE:RELIANCE,2025-06-26 09:50:11.841853
2885,1477.5,NSE:RELIANCE,2025-06-26 09:50:16.919213
2885,1477.5,NSE:RELIANCE,2025-06-26 09:50:21.965822
2885,1477.4,NSE:RELIANCE,2025-06-26 09:50:27.012904
2885,1477.8,NSE:RELIANCE,2025-06-26 09:50:32.063561
2885,1477.5,NSE:RELIANCE,2025-06-26 09:50:37.160363
2885,1477.1,NSE:RELIANCE,2025-06-26 09:50:42.206613
2885,1477.5,NSE:RELIANCE,2025-06-26 09:50:47.269324
2885,1477.2,NSE:RELIANCE,2025-06-26 09:50:52.394513
2885,1476.9,NSE:RELIANCE,2025-06-26 09:50:57.447784
2885,1477.0,NSE:RELIANCE,2025-06-26 09:51:02.495093
2885,1477.2,NSE:RELIANCE,2025-06-26 09:51:07.542710
2885,1477.4,NSE:RELIANCE,2025-06-26 09:51:12.628578
2885,1477.0,NSE:RELIANCE,2025-06-26 09:51:17.822321
2885,1477.1,NSE:RELIANCE,2025-06-26 09:51:22.873640
2885,1477.3,NSE:RELIANCE,2025-06-26 09:51:27.923955
2885,1477.2,NSE:RELIANCE,2025-06-26 09:51:32.971576
2885,1477.1,NSE:RELIANCE,2025-06-26 09:51:38.020879
2885,1477.2,NSE:RELIANCE,2025-06-26 09:51:43.068190
2885,1477.5,NSE:RELIANCE,2025-06-26 09:51:48.119486
2885,1477.5,NSE:RELIANCE,2025-06-26 09:51:53.169438
2885,1477.4,NSE:RELIANCE,2025-06-26 09:51:58.222403
2885,1477.5,NSE:RELIANCE,2025-06-26 09:52:03.286782
2885,1477.5,NSE:RELIANCE,2025-06-26 09:52:08.332182
2885,1477.2,NSE:RELIANCE,2025-06-26 09:52:13.433656
2885,1476.9,NSE:RELIANCE,2025-06-26 09:52:18.498248
2885,1477.0,NSE:RELIANCE,2025-06-26 09:52:23.574013
2885,1477.0,NSE:RELIANCE,2025-06-26 09:52:28.624685
2885,1477.0,NSE:RELIANCE,2025-06-26 09:52:33.673770
2885,1476.7,NSE:RELIANCE,2025-06-26 09:52:38.721222
2885,1476.9,NSE:RELIANCE,2025-06-26 09:52:43.770535
2885,1476.7,NSE:RELIANCE,2025-06-26 09:52:48.815892
2885,1477.0,NSE:RELIANCE,2025-06-26 09:52:53.865888
2885,1477.0,NSE:RELIANCE,2025-06-26 09:52:58.914440
2885,1477.4,NSE:RELIANCE,2025-06-26 09:53:03.960051
2885,1477.3,NSE:RELIANCE,2025-06-26 09:53:09.016116
2885,1477.3,NSE:RELIANCE,2025-06-26 09:53:14.106897
2885,1477.4,NSE:RELIANCE,2025-06-26 09:53:19.172716
2885,1477.1,NSE:RELIANCE,2025-06-26 09:53:24.218992
2885,1477.4,NSE:RELIANCE,2025-06-26 09:53:29.284489
2885,1477.2,NSE:RELIANCE,2025-06-26 09:53:34.329758
2885,1477.4,NSE:RELIANCE,2025-06-26 09:53:39.376721
2885,1477.4,NSE:RELIANCE,2025-06-26 09:53:44.474992
2885,1477.3,NSE:RELIANCE,2025-06-26 09:53:49.522600
2885,1476.8,NSE:RELIANCE,2025-06-26 09:53:54.617606
2885,1476.9,NSE:RELIANCE,2025-06-26 09:53:59.734364
2885,1477.0,NSE:RELIANCE,2025-06-26 09:54:04.779446
2885,1476.9,NSE:RELIANCE,2025-06-26 09:54:09.825506
2885,1476.8,NSE:RELIANCE,2025-06-26 09:54:14.924936
2885,1476.7,NSE:RELIANCE,2025-06-26 09:54:19.992878
2885,1476.9,NSE:RELIANCE,2025-06-26 09:54:25.039714
2885,1476.9,NSE:RELIANCE,2025-06-26 09:54:30.087201
2885,1476.7,NSE:RELIANCE,2025-06-26 09:54:35.133473
2885,1476.8,NSE:RELIANCE,2025-06-26 09:54:40.179790
2885,1477.0,NSE:RELIANCE,2025-06-26 09:54:45.268734
2885,1476.9,NSE:RELIANCE,2025-06-26 09:54:50.315976
2885,1477.0,NSE:RELIANCE,2025-06-26 09:54:55.360367
2885,1477.1,NSE:RELIANCE,2025-06-26 09:55:00.405616
2885,1477.1,NSE:RELIANCE,2025-06-26 09:55:05.450764
2885,1477.2,NSE:RELIANCE,2025-06-26 09:55:10.494500
2885,1477.3,NSE:RELIANCE,2025-06-26 09:55:15.583782
2885,1477.2,NSE:RELIANCE,2025-06-26 09:55:20.652066
2885,1477.4,NSE:RELIANCE,2025-06-26 09:55:25.697362
2885,1477.3,NSE:RELIANCE,2025-06-26 09:55:30.750739
2885,1477.4,NSE:RELIANCE,2025-06-26 09:55:35.802608
2885,1477.7,NSE:RELIANCE,2025-06-26 09:55:40.854468
2885,1477.8,NSE:RELIANCE,2025-06-26 09:55:45.941806
2885,1477.7,NSE:RELIANCE,2025-06-26 09:55:50.988388
2885,1477.8,NSE:RELIANCE,2025-06-26 09:55:56.038857
2885,1478.0,NSE:RELIANCE,2025-06-26 09:56:01.096121
2885,1478.0,NSE:RELIANCE,2025-06-26 09:56:06.166002
2885,1478.0,NSE:RELIANCE,2025-06-26 09:56:11.210970
2885,1478.0,NSE:RELIANCE,2025-06-26 09:56:16.309232
2885,1478.0,NSE:RELIANCE,2025-06-26 09:56:21.505000
2885,1477.9,NSE:RELIANCE,2025-06-26 09:56:26.563248
2885,1478.0,NSE:RELIANCE,2025-06-26 09:56:31.611489
2885,1478.0,NSE:RELIANCE,2025-06-26 09:56:36.666193
2885,1478.0,NSE:RELIANCE,2025-06-26 09:56:41.712241
2885,1478.0,NSE:RELIANCE,2025-06-26 09:56:46.758515
2885,1478.3,NSE:RELIANCE,2025-06-26 09:56:51.954777
2885,1478.5,NSE:RELIANCE,2025-06-26 09:56:57.001324
2885,1478.5,NSE:RELIANCE,2025-06-26 09:57:02.047779
2885,1478.5,NSE:RELIANCE,2025-06-26 09:57:07.094752
2885,1478.5,NSE:RELIANCE,2025-06-26 09:57:12.145752
2885,1478.3,NSE:RELIANCE,2025-06-26 09:57:17.254950
2885,1478.4,NSE:RELIANCE,2025-06-26 09:57:22.325161
2885,1478.4,NSE:RELIANCE,2025-06-26 09:57:27.372473
2885,1478.4,NSE:RELIANCE,2025-06-26 09:57:32.422230
2885,1478.4,NSE:RELIANCE,2025-06-26 09:57:37.470048
2885,1478.4,NSE:RELIANCE,2025-06-26 09:57:42.519860
2885,1478.4,NSE:RELIANCE,2025-06-26 09:57:47.603080
2885,1478.5,NSE:RELIANCE,2025-06-26 09:57:52.649528
2885,1478.5,NSE:RELIANCE,2025-06-26 09:57:57.694749
2885,1478.8,NSE:RELIANCE,2025-06-26 09:58:02.739759
2885,1478.7,NSE:RELIANCE,2025-06-26 09:58:07.787549
2885,1479.5,NSE:RELIANCE,2025-06-26 09:58:12.834427
2885,1479.5,NSE:RELIANCE,2025-06-26 09:58:17.910135
2885,1479.4,NSE:RELIANCE,2025-06-26 09:58:22.965413
2885,1479.5,NSE:RELIANCE,2025-06-26 09:58:28.062918
2885,1479.5,NSE:RELIANCE,2025-06-26 09:58:33.110174
2885,1479.4,NSE:RELIANCE,2025-06-26 09:58:38.157837
2885,1479.4,NSE:RELIANCE,2025-06-26 09:58:43.203473
2885,1479.1,NSE:RELIANCE,2025-06-26 09:58:48.250263
2885,1479.7,NSE:RELIANCE,2025-06-26 09:58:53.298323
2885,1479.6,NSE:RELIANCE,2025-06-26 09:58:58.350573
2885,1479.7,NSE:RELIANCE,2025-06-26 09:59:03.394994
2885,1479.7,NSE:RELIANCE,2025-06-26 09:59:08.445212
2885,1480.0,NSE:RELIANCE,2025-06-26 09:59:13.491312
2885,1479.8,NSE:RELIANCE,2025-06-26 09:59:19.010003
2885,1480.1,NSE:RELIANCE,2025-06-26 09:59:24.085960
2885,1480.4,NSE:RELIANCE,2025-06-26 09:59:29.141540
2885,1480.4,NSE:RELIANCE,2025-06-26 09:59:34.189832
2885,1480.9,NSE:RELIANCE,2025-06-26 09:59:39.241966
2885,1480.8,NSE:RELIANCE,2025-06-26 09:59:44.288969
2885,1480.8,NSE:RELIANCE,2025-06-26 09:59:49.342299
2885,1480.8,NSE:RELIANCE,2025-06-26 09:59:54.389129
2885,1481.0,NSE:RELIANCE,2025-06-26 09:59:59.435676
2885,1480.9,NSE:RELIANCE,2025-06-26 10:00:04.483832
2885,1480.8,NSE:RELIANCE,2025-06-26 10:00:09.531118
2885,1481.3,NSE:RELIANCE,2025-06-26 10:00:14.581936
2885,1481.0,NSE:RELIANCE,2025-06-26 10:00:19.678216
2885,1481.3,NSE:RELIANCE,2025-06-26 10:00:24.839527
2885,1482.0,NSE:RELIANCE,2025-06-26 10:00:29.887146
2885,1482.0,NSE:RELIANCE,2025-06-26 10:00:34.978496
2885,1482.5,NSE:RELIANCE,2025-06-26 10:00:40.024634
2885,1482.1,NSE:RELIANCE,2025-06-26 10:00:45.068424
2885,1482.3,NSE:RELIANCE,2025-06-26 10:00:50.201470
2885,1482.5,NSE:RELIANCE,2025-06-26 10:00:55.360769
2885,1482.5,NSE:RELIANCE,2025-06-26 10:01:00.634661
2885,1482.9,NSE:RELIANCE,2025-06-26 10:01:05.678664
2885,1482.9,NSE:RELIANCE,2025-06-26 10:01:10.725699
2885,1482.9,NSE:RELIANCE,2025-06-26 10:01:15.769539
2885,1482.9,NSE:RELIANCE,2025-06-26 10:01:20.965258
2885,1484.0,NSE:RELIANCE,2025-06-26 10:01:26.052762
2885,1484.0,NSE:RELIANCE,2025-06-26 10:01:31.098390
2885,1484.0,NSE:RELIANCE,2025-06-26 10:01:36.143572
2885,1484.0,NSE:RELIANCE,2025-06-26 10:01:41.198780
2885,1484.7,NSE:RELIANCE,2025-06-26 10:01:46.247390
2885,1484.5,NSE:RELIANCE,2025-06-26 10:01:51.295340
2885,1484.5,NSE:RELIANCE,2025-06-26 10:01:56.342311
2885,1483.8,NSE:RELIANCE,2025-06-26 10:02:01.390308
2885,1483.3,NSE:RELIANCE,2025-06-26 10:02:06.835683
2885,1483.2,NSE:RELIANCE,2025-06-26 10:02:11.892686
2885,1483.4,NSE:RELIANCE,2025-06-26 10:02:16.943571
2885,1483.8,NSE:RELIANCE,2025-06-26 10:02:22.063610
2885,1483.8,NSE:RELIANCE,2025-06-26 10:02:27.141940
2885,1483.6,NSE:RELIANCE,2025-06-26 10:02:32.193383
2885,1483.8,NSE:RELIANCE,2025-06-26 10:02:37.244811
2885,1483.9,NSE:RELIANCE,2025-06-26 10:02:42.345457
2885,1484.0,NSE:RELIANCE,2025-06-26 10:02:47.405939
2885,1483.9,NSE:RELIANCE,2025-06-26 10:02:52.454318
2885,1484.0,NSE:RELIANCE,2025-06-26 10:02:57.519885
2885,1484.0,NSE:RELIANCE,2025-06-26 10:03:02.575754
2885,1483.8,NSE:RELIANCE,2025-06-26 10:03:07.626663
2885,1484.0,NSE:RELIANCE,2025-06-26 10:03:12.777381
2885,1483.9,NSE:RELIANCE,2025-06-26 10:03:17.824644
2885,1483.6,NSE:RELIANCE,2025-06-26 10:03:22.981609
2885,1483.3,NSE:RELIANCE,2025-06-26 10:03:28.062719
2885,1482.5,NSE:RELIANCE,2025-06-26 10:03:33.110645
2885,1483.4,NSE:RELIANCE,2025-06-26 10:03:38.173403
2885,1482.9,NSE:RELIANCE,2025-06-26 10:03:43.221347
2885,1482.7,NSE:RELIANCE,2025-06-26 10:03:48.305252
2885,1482.7,NSE:RELIANCE,2025-06-26 10:03:53.349977
2885,1483.2,NSE:RELIANCE,2025-06-26 10:03:58.434740
2885,1484.0,NSE:RELIANCE,2025-06-26 10:04:03.491176
2885,1483.9,NSE:RELIANCE,2025-06-26 10:04:08.586906
2885,1484.1,NSE:RELIANCE,2025-06-26 10:04:13.636777
2885,1484.3,NSE:RELIANCE,2025-06-26 10:04:18.698704
2885,1484.0,NSE:RELIANCE,2025-06-26 10:04:23.828393
2885,1484.6,NSE:RELIANCE,2025-06-26 10:04:29.141210
2885,1484.4,NSE:RELIANCE,2025-06-26 10:04:34.189037
2885,1484.7,NSE:RELIANCE,2025-06-26 10:04:39.241497
2885,1484.5,NSE:RELIANCE,2025-06-26 10:04:44.287943
2885,1484.0,NSE:RELIANCE,2025-06-26 10:04:49.338934
2885,1484.2,NSE:RELIANCE,2025-06-26 10:04:54.412419
2885,1484.4,NSE:RELIANCE,2025-06-26 10:04:59.470395
2885,1484.4,NSE:RELIANCE,2025-06-26 10:05:04.520740
2885,1484.0,NSE:RELIANCE,2025-06-26 10:05:09.672591
2885,1484.4,NSE:RELIANCE,2025-06-26 10:05:14.721349
2885,1484.0,NSE:RELIANCE,2025-06-26 10:05:19.766209
2885,1484.0,NSE:RELIANCE,2025-06-26 10:05:24.878728
2885,1484.1,NSE:RELIANCE,2025-06-26 10:05:29.947758
2885,1483.6,NSE:RELIANCE,2025-06-26 10:05:35.060228
2885,1483.5,NSE:RELIANCE,2025-06-26 10:05:40.133698
2885,1483.5,NSE:RELIANCE,2025-06-26 10:05:45.181069
2885,1483.7,NSE:RELIANCE,2025-06-26 10:05:50.227102
2885,1483.7,NSE:RELIANCE,2025-06-26 10:05:55.281057
2885,1483.8,NSE:RELIANCE,2025-06-26 10:06:00.330360
2885,1483.6,NSE:RELIANCE,2025-06-26 10:06:05.378284
2885,1483.6,NSE:RELIANCE,2025-06-26 10:06:10.429833
2885,1483.5,NSE:RELIANCE,2025-06-26 10:06:15.563009
2885,1483.5,NSE:RELIANCE,2025-06-26 10:06:20.610193
2885,1483.6,NSE:RELIANCE,2025-06-26 10:06:25.851129
2885,1483.7,NSE:RELIANCE,2025-06-26 10:06:30.935013
2885,1483.5,NSE:RELIANCE,2025-06-26 10:06:36.065252
2885,1483.8,NSE:RELIANCE,2025-06-26 10:06:41.118860
2885,1483.9,NSE:RELIANCE,2025-06-26 10:06:46.166435
2885,1483.7,NSE:RELIANCE,2025-06-26 10:06:51.212238
2885,1484.4,NSE:RELIANCE,2025-06-26 10:06:56.358996
2885,1483.7,NSE:RELIANCE,2025-06-26 10:07:01.519100
2885,1483.8,NSE:RELIANCE,2025-06-26 10:07:06.581044
2885,1484.1,NSE:RELIANCE,2025-06-26 10:07:11.628807
2885,1484.0,NSE:RELIANCE,2025-06-26 10:07:16.674420
2885,1484.4,NSE:RELIANCE,2025-06-26 10:07:21.716495
2885,1484.2,NSE:RELIANCE,2025-06-26 10:07:26.830646
2885,1484.3,NSE:RELIANCE,2025-06-26 10:07:31.932532
2885,1484.8,NSE:RELIANCE,2025-06-26 10:07:36.980208
2885,1484.5,NSE:RELIANCE,2025-06-26 10:07:42.038079
2885,1484.4,NSE:RELIANCE,2025-06-26 10:07:47.087815
2885,1484.7,NSE:RELIANCE,2025-06-26 10:07:52.160890
2885,1485.0,NSE:RELIANCE,2025-06-26 10:07:57.326666
2885,1485.1,NSE:RELIANCE,2025-06-26 10:08:02.386042
2885,1486.0,NSE:RELIANCE,2025-06-26 10:08:07.486896
2885,1485.9,NSE:RELIANCE,2025-06-26 10:08:12.583130
2885,1485.8,NSE:RELIANCE,2025-06-26 10:08:18.197987
2885,1485.4,NSE:RELIANCE,2025-06-26 10:08:23.269258
2885,1486.0,NSE:RELIANCE,2025-06-26 10:08:28.411732
2885,1486.0,NSE:RELIANCE,2025-06-26 10:08:33.484475
2885,1486.0,NSE:RELIANCE,2025-06-26 10:08:38.530217
2885,1485.7,NSE:RELIANCE,2025-06-26 10:08:43.578409
2885,1486.1,NSE:RELIANCE,2025-06-26 10:08:48.629016
2885,1486.8,NSE:RELIANCE,2025-06-26 10:08:53.686805
2885,1486.9,NSE:RELIANCE,2025-06-26 10:08:58.737041
2885,1487.0,NSE:RELIANCE,2025-06-26 10:09:03.783945
2885,1487.0,NSE:RELIANCE,2025-06-26 10:09:08.831156
2885,1487.2,NSE:RELIANCE,2025-06-26 10:09:13.882145
2885,1487.4,NSE:RELIANCE,2025-06-26 10:09:18.939456
2885,1487.2,NSE:RELIANCE,2025-06-26 10:09:23.992903
2885,1487.0,NSE:RELIANCE,2025-06-26 10:09:29.079880
2885,1487.3,NSE:RELIANCE,2025-06-26 10:09:34.218779
2885,1487.3,NSE:RELIANCE,2025-06-26 10:09:39.268769
2885,1487.1,NSE:RELIANCE,2025-06-26 10:09:44.314364
2885,1487.5,NSE:RELIANCE,2025-06-26 10:09:49.368334
2885,1487.5,NSE:RELIANCE,2025-06-26 10:09:54.415493
2885,1487.7,NSE:RELIANCE,2025-06-26 10:09:59.482700
2885,1487.7,NSE:RELIANCE,2025-06-26 10:10:04.579267
2885,1488.0,NSE:RELIANCE,2025-06-26 10:10:09.644084
2885,1487.7,NSE:RELIANCE,2025-06-26 10:10:14.720516
2885,1487.6,NSE:RELIANCE,2025-06-26 10:10:19.787506
2885,1487.6,NSE:RELIANCE,2025-06-26 10:10:24.850481
2885,1487.6,NSE:RELIANCE,2025-06-26 10:10:29.968752
2885,1488.0,NSE:RELIANCE,2025-06-26 10:10:35.072313
2885,1487.3,NSE:RELIANCE,2025-06-26 10:10:40.129486
2885,1487.4,NSE:RELIANCE,2025-06-26 10:10:45.180256
2885,1487.3,NSE:RELIANCE,2025-06-26 10:10:50.228436
2885,1487.9,NSE:RELIANCE,2025-06-26 10:10:55.285010
2885,1487.9,NSE:RELIANCE,2025-06-26 10:11:00.331160
2885,1488.0,NSE:RELIANCE,2025-06-26 10:11:05.402069
2885,1488.0,NSE:RELIANCE,2025-06-26 10:11:10.447093
2885,1487.8,NSE:RELIANCE,2025-06-26 10:11:15.491711
2885,1487.7,NSE:RELIANCE,2025-06-26 10:11:20.572657
2885,1487.5,NSE:RELIANCE,2025-06-26 10:11:25.621913
2885,1487.3,NSE:RELIANCE,2025-06-26 10:11:30.732617
2885,1487.3,NSE:RELIANCE,2025-06-26 10:11:35.819443
2885,1487.3,NSE:RELIANCE,2025-06-26 10:11:40.869709
2885,1487.4,NSE:RELIANCE,2025-06-26 10:11:45.920565
2885,1486.9,NSE:RELIANCE,2025-06-26 10:11:51.007344
2885,1486.8,NSE:RELIANCE,2025-06-26 10:11:56.057348
2885,1486.8,NSE:RELIANCE,2025-06-26 10:12:01.163860
2885,1486.6,NSE:RELIANCE,2025-06-26 10:12:06.232012
2885,1486.5,NSE:RELIANCE,2025-06-26 10:12:11.277400
2885,1486.3,NSE:RELIANCE,2025-06-26 10:12:16.350722
2885,1486.3,NSE:RELIANCE,2025-06-26 10:12:21.403410
2885,1486.0,NSE:RELIANCE,2025-06-26 10:12:26.454252
2885,1486.4,NSE:RELIANCE,2025-06-26 10:12:31.585925
2885,1486.5,NSE:RELIANCE,2025-06-26 10:12:36.663404
2885,1486.8,NSE:RELIANCE,2025-06-26 10:12:41.711910
2885,1486.5,NSE:RELIANCE,2025-06-26 10:12:46.781638
2885,1486.7,NSE:RELIANCE,2025-06-26 10:12:51.831530
2885,1486.8,NSE:RELIANCE,2025-06-26 10:12:56.888364
2885,1487.0,NSE:RELIANCE,2025-06-26 10:13:01.938895
2885,1487.0,NSE:RELIANCE,2025-06-26 10:13:07.062743
2885,1486.9,NSE:RELIANCE,2025-06-26 10:13:12.116417
2885,1486.5,NSE:RELIANCE,2025-06-26 10:13:17.159861
2885,1486.5,NSE:RELIANCE,2025-06-26 10:13:22.205865
2885,1486.5,NSE:RELIANCE,2025-06-26 10:13:27.256413
2885,1486.5,NSE:RELIANCE,2025-06-26 10:13:32.326657
2885,1486.5,NSE:RELIANCE,2025-06-26 10:13:37.459617
2885,1486.5,NSE:RELIANCE,2025-06-26 10:13:42.528875
2885,1486.4,NSE:RELIANCE,2025-06-26 10:13:47.625206
2885,1486.0,NSE:RELIANCE,2025-06-26 10:13:52.717043
2885,1486.3,NSE:RELIANCE,2025-06-26 10:13:57.773381
2885,1486.0,NSE:RELIANCE,2025-06-26 10:14:02.841225
2885,1485.3,NSE:RELIANCE,2025-06-26 10:14:07.922808
2885,1485.8,NSE:RELIANCE,2025-06-26 10:14:12.967793
2885,1485.4,NSE:RELIANCE,2025-06-26 10:14:18.038302
2885,1485.3,NSE:RELIANCE,2025-06-26 10:14:23.087697
2885,1485.4,NSE:RELIANCE,2025-06-26 10:14:28.152449
2885,1485.8,NSE:RELIANCE,2025-06-26 10:14:33.312334
2885,1485.7,NSE:RELIANCE,2025-06-26 10:14:38.393802
2885,1485.5,NSE:RELIANCE,2025-06-26 10:14:43.443065
2885,1485.5,NSE:RELIANCE,2025-06-26 10:14:48.491758
2885,1485.1,NSE:RELIANCE,2025-06-26 10:14:53.548556
2885,1485.0,NSE:RELIANCE,2025-06-26 10:14:58.608966
2885,1485.1,NSE:RELIANCE,2025-06-26 10:15:03.726744
2885,1485.1,NSE:RELIANCE,2025-06-26 10:15:08.775614
2885,1485.2,NSE:RELIANCE,2025-06-26 10:15:13.822038
2885,1485.2,NSE:RELIANCE,2025-06-26 10:15:19.045327
2885,1485.2,NSE:RELIANCE,2025-06-26 10:15:24.117602
2885,1485.4,NSE:RELIANCE,2025-06-26 10:15:29.171026
2885,1485.8,NSE:RELIANCE,2025-06-26 10:15:34.299249
2885,1485.9,NSE:RELIANCE,2025-06-26 10:15:39.382796
2885,1486.1,NSE:RELIANCE,2025-06-26 10:15:44.444701
2885,1486.5,NSE:RELIANCE,2025-06-26 10:15:49.508996
2885,1486.2,NSE:RELIANCE,2025-06-26 10:15:54.561110
2885,1486.5,NSE:RELIANCE,2025-06-26 10:15:59.792618
2885,1486.5,NSE:RELIANCE,2025-06-26 10:16:04.839948
2885,1486.2,NSE:RELIANCE,2025-06-26 10:16:09.890257
2885,1486.2,NSE:RELIANCE,2025-06-26 10:16:14.934915
2885,1486.5,NSE:RELIANCE,2025-06-26 10:16:19.981099
2885,1486.2,NSE:RELIANCE,2025-06-26 10:16:25.032853
2885,1486.2,NSE:RELIANCE,2025-06-26 10:16:30.084340
2885,1486.3,NSE:RELIANCE,2025-06-26 10:16:35.205544
2885,1486.5,NSE:RELIANCE,2025-06-26 10:16:40.302847
2885,1486.8,NSE:RELIANCE,2025-06-26 10:16:45.358716
2885,1486.8,NSE:RELIANCE,2025-06-26 10:16:50.409524
2885,1486.7,NSE:RELIANCE,2025-06-26 10:16:55.459494
2885,1486.7,NSE:RELIANCE,2025-06-26 10:17:00.507222
2885,1486.7,NSE:RELIANCE,2025-06-26 10:17:05.599963
2885,1486.3,NSE:RELIANCE,2025-06-26 10:17:10.659957
2885,1486.4,NSE:RELIANCE,2025-06-26 10:17:15.714345
2885,1486.9,NSE:RELIANCE,2025-06-26 10:17:20.772613
2885,1486.5,NSE:RELIANCE,2025-06-26 10:17:25.820404
2885,1486.8,NSE:RELIANCE,2025-06-26 10:17:30.884478
2885,1486.8,NSE:RELIANCE,2025-06-26 10:17:36.000811
2885,1487.0,NSE:RELIANCE,2025-06-26 10:17:41.079021
2885,1486.5,NSE:RELIANCE,2025-06-26 10:17:46.124256
2885,1486.5,NSE:RELIANCE,2025-06-26 10:17:51.318618
2885,1486.5,NSE:RELIANCE,2025-06-26 10:17:56.372499
2885,1486.5,NSE:RELIANCE,2025-06-26 10:18:01.434967
2885,1486.1,NSE:RELIANCE,2025-06-26 10:18:06.523659
2885,1485.7,NSE:RELIANCE,2025-06-26 10:18:11.577428
2885,1485.0,NSE:RELIANCE,2025-06-26 10:18:16.634910
2885,1485.0,NSE:RELIANCE,2025-06-26 10:18:21.706110
2885,1485.0,NSE:RELIANCE,2025-06-26 10:18:26.752231
2885,1485.3,NSE:RELIANCE,2025-06-26 10:18:31.846178
2885,1485.1,NSE:RELIANCE,2025-06-26 10:18:36.960609
